id,username,password,email,gender,age
1,Federico,ahq34dtts8,rhett.toy@hotmail.com,m,40
2,Domitila,ukiqerb1emy0q8z,thanh.hickle@hotmail.com,m,21
3,Fidela,hj33nayitwj,chere.torphy@gmail.com,f,22
4,Toccara,0su5jghseqf,jermaine.bayer@yahoo.com,m,49
5,Carlie,3xy2ho4sixqpbm,ronna.will@gmail.com,m,56
6,Noreen,dvh5z3mh3ah966,vance.welch@hotmail.com,f,32
7,Zana,4on6uuf08obax,eldridge.stoltenberg@hotmail.com,m,20
8,Kurtis,0z8xkj1x,angelica.deckow@hotmail.com,f,35
9,Jude,s0p38j6teb,enrique.purdy@gmail.com,m,57
10,Quintin,jyz9m1lrc4opn,raphael.towne@hotmail.com,f,49
11,Alyssa,wf7eizmf,adriana.daniel@hotmail.com,m,35
12,Johnathon,nnc6clfl,alline.shanahan@gmail.com,f,25
13,Kelli,72xwd9kw31v,josiah.thompson@gmail.com,m,36
14,Evan,1u2z69x1v,chadwick.schowalter@yahoo.com,f,36
15,Elodia,c88gpk4m,kerry.krajcik@gmail.com,f,19
16,Art,oq8l4rqgv,rey.runolfsdottir@hotmail.com,f,31
17,Leana,rxco7hgeo9,hugo.buckridge@hotmail.com,m,59
18,Loida,0225az7h4imvig,brock.stoltenberg@hotmail.com,f,49
19,Hipolito,j923pxcrlx1,robby.kirlin@hotmail.com,f,23
20,Earl,79v9d42zcce,kayleen.rippin@yahoo.com,f,47
21,Janet,izg54ghpv,emery.braun@hotmail.com,f,18
22,Ronny,gaxjwby8k8n,erik.ondricka@gmail.com,f,60
23,Rudolph,gbisjjm8ly,weston.haag@gmail.com,f,32
24,Antonietta,s09cgnlpchw,delta.lemke@gmail.com,f,59
25,Cherilyn,vefdgen9ttelgi1,antwan.wehner@yahoo.com,m,60
26,Darrel,j0b7wmg6yir1,everette.toy@gmail.com,m,51
27,Farrah,xbt7qcinqm,don.larson@hotmail.com,m,57
28,Travis,lww4n9gorr84,rickey.reichel@hotmail.com,m,47
29,Hiram,ywpwrg937gpc,jacob.langworth@gmail.com,f,58
30,Wilford,6px0j951,dick.mclaughlin@gmail.com,m,34
31,Brook,owzklqvkj9,genna.mccullough@gmail.com,f,25
32,Moses,na74dco0f9bpby,elijah.olson@yahoo.com,m,20
33,Ka,4z03h730147,adrian.yost@yahoo.com,f,59
34,Trey,cgclqryqn1oap,eugene.spinka@gmail.com,f,60
35,Katherina,pom2k5ofvw3mw3v,shaun.bauch@gmail.com,f,23
36,Ned,moc7v2dt9mn,lakendra.hilpert@hotmail.com,m,26
37,Rueben,ls4lb87k3bvygu,herminia.graham@yahoo.com,m,39
38,Julio,ejrrjbuuaaid,haywood.hamill@hotmail.com,f,49
39,Forest,kjs4lxz1tfzw,jamaal.white@gmail.com,f,38
40,Nickolas,tfkr0pwbd2h,claud.gulgowski@yahoo.com,m,18
41,Temple,7e6cjm82la,milford.cassin@hotmail.com,f,38
42,Leroy,ru9t5zgtt50f,lenore.okeefe@gmail.com,m,39
43,Delisa,lq7c43pw9,inger.altenwerth@yahoo.com,f,25
44,Adelaida,rn09zcpn3,shelly.schaden@yahoo.com,f,35
45,Demetrius,eontc05l5m67,shirlene.casper@yahoo.com,m,25
46,Duane,carwyx5kn1hfm,lucina.keebler@yahoo.com,m,26
47,Ardath,lh64ld9puek5v,chris.cremin@yahoo.com,f,58
48,Jay,7qeq6fo0wnkdmt,sulema.morar@yahoo.com,m,49
49,Tierra,iijscddbjkjsaj,jazmine.hauck@hotmail.com,m,55
50,Ali,cpt82p0f2eh,karen.dicki@yahoo.com,m,46
51,Ahmed,q0ceod24sd2689i,azalee.leannon@gmail.com,f,26
52,Michale,zhx3t8js0d,joselyn.roob@hotmail.com,m,55
53,Celestina,3nxf47g5a,chantel.gerhold@yahoo.com,m,55
54,Frankie,gxq38hqwy0,gerard.stroman@gmail.com,m,21
55,Hai,j2pz58b1,stevie.erdman@gmail.com,f,41
56,Matthew,x080nusd82oc,monique.hartmann@hotmail.com,f,19
57,Roland,elghl0mq1gzlh6,wilfredo.durgan@hotmail.com,f,36
58,Shalanda,4up60nvt8f95pi,sheilah.connelly@hotmail.com,f,21
59,Brittaney,wtpr7x65lm7n8j,roxane.gutkowski@hotmail.com,f,20
60,Deloras,lznxcgla8ct5g72,neal.moen@yahoo.com,m,39
61,Doyle,xy3qhi8sxqbbc0,magnolia.greenholt@gmail.com,m,48
62,Jaleesa,fop6uft5uj6iy8a,zenaida.deckow@hotmail.com,m,53
63,Morton,zpxclklji,lashay.schultz@hotmail.com,f,18
64,Anya,fy7q3k3sg,albertha.purdy@gmail.com,m,23
65,Paris,n93unpxjb6u,harlan.turcotte@gmail.com,f,23
66,Bryon,apa0chh2h,jamel.rogahn@gmail.com,f,28
67,Kirby,x2b2k01x,granville.emmerich@gmail.com,f,49
68,Terrell,qrkerm4zel3vm,thad.windler@gmail.com,m,54
69,Ulysses,wbu93bar5cre,fernando.feest@hotmail.com,f,38
70,Wilton,tezv1klj3dmp,dave.bode@gmail.com,m,45
71,Jarod,mb3j8uc4,lucas.ullrich@hotmail.com,m,57
72,Chassidy,j1kxvygxfyp9w,lane.mosciski@hotmail.com,f,21
73,Cleotilde,phhwda6p1sx9ai1,romeo.maggio@hotmail.com,f,27
74,Brendan,t8jpr69h3w,arlyne.strosin@hotmail.com,m,18
75,Jennie,ucdtdsn4zb84,fredric.rosenbaum@hotmail.com,m,56
76,Gil,2hvi63f57h,carl.murphy@hotmail.com,m,52
77,Humberto,v4lvewb8lz,tim.senger@yahoo.com,m,49
78,Renaldo,82a65amr44ozb,candace.turcotte@hotmail.com,f,58
79,Nola,gzhv9hsa4gt76p,audie.rosenbaum@hotmail.com,m,60
80,Alex,io20407yr5lew,marcellus.schneider@gmail.com,f,36
81,Charisse,s8pboy7p8pk8fu,jeramy.trantow@gmail.com,m,56
82,Trinidad,kp5hnigb6i,lawrence.orn@gmail.com,f,26
83,Tony,msonsdnxqudmpz,mandie.oreilly@gmail.com,f,26
84,Elidia,kzipufw8b,anglea.greenfelder@hotmail.com,m,49
85,Larisa,utbto02rmtdo5,marti.davis@gmail.com,m,25
86,Olene,ehowdcq33ha,anglea.dare@hotmail.com,f,30
87,Ramon,2qpefx8jf,erin.reichel@hotmail.com,f,38
88,Laurena,prkaoj3ietpzr,kristofer.parisian@hotmail.com,f,38
89,Willia,9kq2w6j78uh1,willena.schaefer@gmail.com,m,30
90,Magdalen,xczywv394kjechj,nikita.borer@gmail.com,m,59
91,Miquel,58rgvg8ktg75,wan.pagac@gmail.com,m,41
92,Felisa,jip6jhsh24m9,fredric.schoen@yahoo.com,m,34
93,Pierre,w136ef3m,shelby.corwin@yahoo.com,m,20
94,Jennie,pxpi49aaa0coat,belva.robel@hotmail.com,f,48
95,Bee,lconm12sad,belle.schmitt@yahoo.com,f,47
96,Arcelia,qor3dcd9pxp5gs,cherise.smitham@hotmail.com,f,53
97,Taisha,xdd9qb7q8tj13d,josh.wintheiser@gmail.com,m,44
98,Elbert,gtxjkqwkx,mike.schinner@gmail.com,m,45
99,In,9or456qsxkm5v,morgan.weimann@yahoo.com,m,56
100,Rodrigo,tss11vb47i,dyan.goyette@yahoo.com,m,27
101,Glenna,lzhzc3oy,grant.wisozk@gmail.com,f,50
102,Alex,l4zrflsf,jewell.huel@yahoo.com,m,30
103,Alfreda,e5sqzbpe7o3bgx,deane.boyle@yahoo.com,f,59
104,Santina,hdbu16prccjoa1,leland.schultz@gmail.com,f,32
105,Domenic,e39ydme3hkizq,mauro.kunde@yahoo.com,m,42
106,Rosendo,6i306tnmcvxsqe,oscar.cassin@hotmail.com,m,33
107,Malcolm,c3cnb9hgz7h6pey,jacinto.rolfson@gmail.com,m,25
108,Emil,gldg40xtl7ak,miquel.weimann@hotmail.com,f,52
109,Filiberto,5php4trizq1b,don.gorczany@yahoo.com,m,33
110,Dee,1xgd8r2a24bs,morton.littel@hotmail.com,m,40
111,Rochel,3bvgrxjy8xkq6ka,leandro.mcdermott@yahoo.com,m,41
112,Vicenta,sjhiri95rnh0ei,dreama.stamm@gmail.com,f,58
113,Aida,va2llgsq35,elvia.lynch@yahoo.com,m,44
114,Shaunda,6bdimgd7e8,kyong.bosco@gmail.com,m,45
115,Jonnie,ei5xee69fk5,marshall.okon@hotmail.com,f,44
116,Myesha,nwfl9ylqybss,kirk.kihn@hotmail.com,f,36
117,Elisha,4oto5p4302w52,virgen.schowalter@hotmail.com,f,28
118,Jewell,vksxq5zpr6kw,lurlene.walsh@yahoo.com,m,48
119,Reanna,8j9elmuru,leatrice.becker@gmail.com,f,55
120,Loren,y5wdp3mq,lamar.legros@hotmail.com,f,24
121,Mel,m2awy4arltznyp,jerrell.veum@yahoo.com,f,49
122,Ludie,c1mxja03v87fsu,jake.bogisich@yahoo.com,m,40
123,Miyoko,vo50qizaeda9wm,vashti.thiel@gmail.com,m,31
124,Roman,dcjhus6ea4,lady.pacocha@yahoo.com,m,50
125,John,ar2e1x8beh048cz,jamison.rolfson@gmail.com,m,19
126,Jestine,tovfhgcu,olen.kreiger@hotmail.com,f,25
127,Leonard,fklt0syf0,marco.corwin@hotmail.com,m,56
128,Iliana,rkq9gdpyvduux3,alton.hermann@hotmail.com,f,32
129,Lamar,wiizlqsxgbfp,sook.treutel@gmail.com,m,20
130,Asa,ie3oh78v,flossie.lind@yahoo.com,f,35
131,Tobias,397dwh2h,allen.kreiger@yahoo.com,m,31
132,Miyoko,m4et0ybpuj,janise.crona@hotmail.com,m,23
133,Phillip,gprwtfs5wtkk,madaline.cormier@yahoo.com,f,39
134,Kizzie,zsmn3err,brittany.braun@gmail.com,f,44
135,Karlene,btyxcn2rs,jerlene.gislason@hotmail.com,m,47
136,Kirby,89p0bzn2c9nqo,hilton.larkin@gmail.com,m,55
137,Xuan,bw7nu6f2x,marylyn.luettgen@hotmail.com,f,43
138,Lou,eri1iqxdw7,jung.kuhlman@hotmail.com,f,48
139,Chong,isdjb7qzhy2q7,krissy.jones@gmail.com,m,18
140,Felicidad,qg6czun4p2,leilani.marquardt@hotmail.com,m,20
141,Bernardo,1eucr236dq,reginia.langosh@gmail.com,f,41
142,Noah,n93xlr8eey,chad.cummerata@hotmail.com,m,39
143,Jason,d80w34y3q,bob.morar@yahoo.com,m,52
144,Colin,qoxj5mdcfmf2,maxine.murray@yahoo.com,f,27
145,Jovan,nkvgoing6,clement.jacobi@yahoo.com,m,30
146,Josefa,z38pm4ouby9tv,milo.bednar@yahoo.com,f,40
147,Fermina,pi9spls0d8m,isadora.wyman@gmail.com,m,32
148,Luther,ka8ixax3ku,katharina.daugherty@gmail.com,m,39
149,Kathyrn,ocoan4ve4s,ed.goldner@yahoo.com,f,40
150,Derrick,252nhesy2du,bernard.okon@hotmail.com,f,19
151,Ermelinda,gybazeye,melia.langosh@yahoo.com,f,44
152,Rosy,ahv9etw3ccir9q,willard.borer@hotmail.com,m,52
153,Perla,i9dy5qoqfjuz,vania.conroy@hotmail.com,f,52
154,Nick,5qkyl5mqd6so,leeann.conn@hotmail.com,m,52
155,Kandi,01bgwtphtjbta,lavera.steuber@hotmail.com,m,55
156,Izola,860g8krmm18,howard.bartell@yahoo.com,f,18
157,Rudolph,bauktqd1hoy7,jason.tremblay@gmail.com,m,35
158,Thu,5lzdl0tmy34dgp,delfina.bahringer@gmail.com,m,37
159,Sanda,q73iwa0qpq5,lizzie.kuphal@hotmail.com,m,18
160,Donnette,82igelgahgaxqwe,katlyn.hermann@hotmail.com,m,30
161,Rolf,vyhof465iypu,emmitt.johnson@yahoo.com,f,33
162,Frank,u2jew2dy34,ralph.mraz@hotmail.com,m,20
163,Kary,yow15eaisw8,lucas.graham@gmail.com,f,60
164,Verlene,asspv6vkc3l,gregory.emmerich@yahoo.com,m,52
165,See,8ct12o6duyvyu94,lyle.ernser@gmail.com,m,32
166,Sharika,yzqbv0xk8u,teresa.pfeffer@gmail.com,f,59
167,Emil,47w3c2thqpag5gu,carmelita.bayer@yahoo.com,m,33
168,Abigail,n2ivgskr1r,ambrose.shanahan@gmail.com,f,50
169,Faviola,o1plrrpkt9m,tyler.smitham@gmail.com,m,53
170,Benny,ce2asqigknj,lucy.kozey@gmail.com,f,35
171,Lucretia,6ghwdftx4mgzfm,titus.mraz@yahoo.com,m,47
172,Dwain,9ezhmnhf9zo2,frank.mayer@yahoo.com,m,57
173,Sung,vuc1zp2rs571s,carolina.brown@gmail.com,f,18
174,Florencio,1iirz8aujvmqjkn,eugene.boehm@hotmail.com,f,39
175,Micaela,ezcbym3gkop0fm8,marty.hilll@gmail.com,m,23
176,Marty,4ntorx20ofb6v,lesley.gulgowski@hotmail.com,m,59
177,Stepanie,uv9szdol0o6hv0,margareta.rath@yahoo.com,m,36
178,Neal,sszwqdbmnbtbp,grover.harber@hotmail.com,m,48
179,Hilton,wff9yjmq0ufuz1n,monroe.schuster@yahoo.com,f,27
180,Tad,hjq9emxr,andrea.volkman@gmail.com,m,22
181,Enoch,lf18s28hfu,maire.ferry@hotmail.com,m,54
182,Maybell,zg35cg04srzsb35,percy.rutherford@hotmail.com,f,25
183,Tyesha,wzmxjtg8kj1idbg,ola.lesch@hotmail.com,m,23
184,An,103r7lq80xyr,frances.parker@yahoo.com,f,47
185,Laurinda,qwynxboa7o8j,eloy.schuster@yahoo.com,m,50
186,Jan,ofdx3gpdf7wug,pamala.hand@gmail.com,m,31
187,Delmer,ecadcr79fs48v1s,fermina.zulauf@yahoo.com,f,57
188,Kittie,z2epuu1x7rz7iu,cecilia.weimann@hotmail.com,m,18
189,Yer,lljm24xmu1n,kirk.feeney@hotmail.com,m,44
190,Vernon,i7dxbbpyklx,belkis.stark@hotmail.com,f,50
191,Justin,j3rdxgox3guk7,parker.cruickshank@hotmail.com,m,35
192,Cameron,dowxn4f7si,hellen.mckenzie@gmail.com,m,28
193,Earle,oczwnwf6f8197h,alphonso.abbott@yahoo.com,m,33
194,Noble,3s3ko4nnm0jnq,robin.heathcote@gmail.com,f,58
195,Noemi,lo3o1drsjkxy,sherill.ullrich@yahoo.com,f,58
196,Sherilyn,w6d9a06s7jf6l,nella.mcclure@hotmail.com,m,42
197,Donnell,tcen93z0iia,lan.cummerata@hotmail.com,m,18
198,Katheleen,6srilqy3ze,versie.romaguera@gmail.com,m,42
199,Clyde,t87olhkaptekgjx,lolita.nikolaus@yahoo.com,f,47
200,Jaime,7no6agvwql,ned.reinger@yahoo.com,f,21
201,Sterling,7lbyhf17kahhux,milo.emmerich@hotmail.com,f,28
202,Louanne,iod9e8fki7ejs,gaston.hermann@gmail.com,f,34
203,Emmitt,r2nbjzya64di,michael.beer@gmail.com,m,56
204,Alison,mjcei7125,drucilla.johns@gmail.com,f,19
205,Taylor,yoot9fxux4xmdhg,rolland.cronin@yahoo.com,f,31
206,Chery,q2gvgenw54x8,hyman.kutch@hotmail.com,m,32
207,Dan,cvzf9zx5s74,beula.bernier@yahoo.com,f,18
208,Merilyn,rf6d5z6cp6cpd,derrick.gottlieb@yahoo.com,f,46
209,Lester,c41mt4zz,julianna.collins@yahoo.com,f,26
210,Deangelo,8bziq59r2f97ln,carmelo.balistreri@gmail.com,f,42
211,Sid,9hwn77ze,tina.bernier@gmail.com,m,47
212,Cathey,g7tccolv,thaddeus.ohara@hotmail.com,m,32
213,Dayna,qndvpmwx8j,mechelle.heller@hotmail.com,m,54
214,Major,6ojv49mvju8psx,kyla.lockman@hotmail.com,m,60
215,Tiffiny,v81sjgg8i20,audria.hintz@gmail.com,m,60
216,Alfred,lgk33jmewa40jl,minh.lehner@yahoo.com,m,58
217,Ngan,0i1d2b5irykcxd,stacey.rempel@hotmail.com,f,58
218,Delena,z5louc4m,cary.becker@hotmail.com,f,26
219,Amos,t57se58vfx,marion.larkin@yahoo.com,f,33
220,Coy,ecobem6gabz,mozell.thiel@gmail.com,m,41
221,Kerry,gygj00qn7c,fatimah.quitzon@hotmail.com,m,34
222,Santana,0j3qqybj8,guillermo.dickinson@gmail.com,m,60
223,Taylor,ykl4rb7gb7auncl,delora.damore@yahoo.com,f,58
224,Beverley,gkdwbg9reyhwlj,lourdes.nikolaus@gmail.com,m,25
225,Amos,vik10icjxdqn,maryjane.lang@gmail.com,f,40
226,Winfred,frie0u18cb1,allan.paucek@gmail.com,f,37
227,Eilene,1xr3iflc,carylon.schowalter@gmail.com,m,49
228,Nathanial,f33yr9he8jclod,carita.considine@yahoo.com,m,19
229,Rosaria,yrwi6wjv,vito.bins@gmail.com,m,59
230,Camille,bbtol4ehyrbbu,romaine.king@hotmail.com,f,22
231,Hassie,4ooq54dss,heather.conn@hotmail.com,f,19
232,Logan,dhj8i76bnonfgy,talia.heller@gmail.com,m,30
233,Claudio,33febtvug5fj,librada.rogahn@hotmail.com,m,25
234,Hae,n0q6hl52,kenya.hamill@gmail.com,f,55
235,Scotty,bzl6t61p0rrnje,irving.lehner@gmail.com,m,44
236,Donald,ackn983uduamx,keesha.grant@yahoo.com,f,18
237,Susie,fz8a3o6g,ahmed.ullrich@gmail.com,f,50
238,Vaughn,mbcx2bny4,evia.walker@gmail.com,m,46
239,Quinton,4c8rxvex3fjxf,delbert.hartmann@yahoo.com,f,19
240,Lindsey,7qms1rl1chrx,tamara.von@hotmail.com,m,43
241,Jacquelynn,wyz0u8j0y1k6i,peter.mraz@hotmail.com,m,37
242,Robbie,u193u05g7g5t6v,linette.durgan@yahoo.com,f,56
243,Derrick,61ryk7wal,miranda.wilderman@gmail.com,f,55
244,Mireille,4oleb1q7b3t33,giselle.frami@gmail.com,m,55
245,Brice,kmtba746gc,zachary.dibbert@hotmail.com,m,33
246,Leandro,a3abwsss7ozj39,zola.dietrich@hotmail.com,f,41
247,Felton,sov1xsm6,garth.kuhn@gmail.com,f,59
248,Cornell,zffie5ie7u1g,jean.mayert@gmail.com,f,40
249,Jarrett,q86d4na32z0z4,margarito.streich@gmail.com,f,58
250,Phoebe,3dqycti7hma,kelle.hansen@gmail.com,f,22
251,Jovan,fdyhuzzowk9b,kenton.waters@yahoo.com,m,25
252,Alene,pm7u96267341,earnest.grady@yahoo.com,m,53
253,Miss,d01kqmzqn,reid.mante@yahoo.com,f,60
254,Lisabeth,5xw9wxnuh,shona.denesik@hotmail.com,m,27
255,Lester,lrewu5j9gd,christoper.boehm@yahoo.com,m,51
256,Francisco,twdag3teic0pev,ladawn.collins@hotmail.com,m,29
257,Erin,w8neeplff4jlq,heriberto.stoltenberg@hotmail.com,m,47
258,Joan,elhiu3c57zegz,cris.mertz@yahoo.com,f,46
259,Dewitt,byilqp1ph04v,chet.mayer@hotmail.com,m,52
260,Jeanelle,7ujfe9dszy2krv9,jesus.kreiger@hotmail.com,m,50
261,Shanita,5l26042nnke,jude.murray@hotmail.com,m,55
262,Chas,mmcbqe15m4q6,adrian.corkery@yahoo.com,f,43
263,Deirdre,cbydbprp5m,horacio.schmeler@yahoo.com,f,37
264,Agnus,aqml2qas,enola.waelchi@hotmail.com,m,34
265,Bruno,r6o35agxho65,johnathan.bahringer@yahoo.com,m,25
266,Risa,dnm4q36sqj,melody.bahringer@yahoo.com,f,30
267,Wilford,mn4yi6ns,jung.zulauf@gmail.com,m,28
268,Raina,bfm45mldudv8w,jesenia.lebsack@yahoo.com,f,26
269,Logan,5mrbhr847t5,neil.mante@hotmail.com,m,58
270,Nickolas,kquseycxn14efd,bettina.hahn@gmail.com,m,56
271,Julian,l4rj4dam50caxt5,corene.okuneva@hotmail.com,m,25
272,Jeff,j50imusav,tierra.goodwin@gmail.com,m,39
273,Maybelle,9keou9y2kzfawe,justin.rippin@yahoo.com,f,52
274,Doug,m8hyyymsfy,rufus.rodriguez@hotmail.com,f,52
275,Lacy,c0opzeyvrz53goj,lindsey.trantow@hotmail.com,m,31
276,Loyd,vj5w0m9kqbika8r,isabella.fisher@gmail.com,m,57
277,Joseph,t3qok03l,terri.sauer@hotmail.com,f,33
278,Carl,0t3vx6ucidb5c1f,vina.heaney@hotmail.com,f,31
279,Corazon,bip3cfltj4m0f0,dwight.welch@yahoo.com,f,49
280,Lili,ip4aj08nu8,terina.streich@gmail.com,m,33
281,Arnoldo,3a049999x6b,dennis.carroll@gmail.com,f,48
282,Larry,lw6nhmi9t,nathalie.terry@gmail.com,m,53
283,Maggie,3pn43t14xnra,rubie.schiller@yahoo.com,f,38
284,Roger,176c6viyuyzl5oc,allen.bradtke@gmail.com,f,42
285,Adam,tn7n0ssm6j521g,jude.lockman@hotmail.com,m,33
286,Porfirio,80mohqp42wwbman,mee.ritchie@yahoo.com,m,32
287,Corrin,erok0u0g,gretchen.schamberger@hotmail.com,m,24
288,Dion,216ip7bkj1zgjr,corey.hessel@gmail.com,m,29
289,Twanda,4lvzfs6kpuvrprg,guy.crona@hotmail.com,m,57
290,Lynn,meb0ib71e3j7,alvina.mcdermott@yahoo.com,f,30
291,Burma,j664q6zj10,mike.rosenbaum@hotmail.com,f,52
292,Cyril,e2nnjryuc59bsxi,norris.beer@yahoo.com,f,20
293,Bradly,9snjc6f6,tracy.schmeler@yahoo.com,m,32
294,Maxwell,7togzg9wptf827,dallas.effertz@yahoo.com,f,21
295,Rudy,qjv7pksdcj,byron.purdy@yahoo.com,f,18
296,Dawna,vr3zf2yerh2u7wo,hassan.zieme@hotmail.com,m,36
297,Lanny,t99ufw58v4ml91,elene.zboncak@hotmail.com,m,54
298,Kiana,wax1gr9s6egpz7,german.crooks@hotmail.com,m,44
299,Jeffie,dtoki41bre7v,carmen.denesik@gmail.com,f,42
300,Omer,9ufhmn9umv,renaldo.hahn@gmail.com,f,46
301,Donovan,bvxauafcfi02ye,toby.koch@gmail.com,m,60
302,Lashanda,gw00xza4k29vk,alonzo.reichel@yahoo.com,m,50
303,Mathilda,ajvxspnc,dominic.becker@yahoo.com,f,59
304,Beau,i12ben0uz30hp4d,brady.buckridge@yahoo.com,f,25
305,Darren,dn4rje0vs9p1g4,abram.ruecker@yahoo.com,m,50
306,Vicente,5p5hs4zu,veta.ledner@hotmail.com,f,58
307,Josh,m2ayfzdgbxw512,maricela.boyer@yahoo.com,f,59
308,Kimberlie,kwpgbvp505hvult,shiloh.kautzer@hotmail.com,m,56
309,Brent,piq92mjmv75c,reed.roberts@hotmail.com,m,27
310,Timothy,bva8ybjwk8,nicholas.purdy@hotmail.com,m,49
311,Peter,qztpxosx8v16h,shellie.lueilwitz@gmail.com,m,53
312,Andrew,fa9kewvqeitpxd,barrett.sawayn@hotmail.com,m,51
313,Damien,qr34jjwv0rdzes7,guadalupe.rau@gmail.com,m,30
314,Laticia,za8cagd5qzy,scot.cormier@yahoo.com,f,43
315,Verla,7jszrgqvure,teddy.hand@hotmail.com,m,48
316,Justin,5anx3q7f,mohamed.mcdermott@gmail.com,f,55
317,Chasity,d2skg9rmq9515ws,les.stoltenberg@yahoo.com,m,42
318,Carola,zlqi3ecfkpzpyz,nancy.yundt@hotmail.com,m,59
319,Hobert,obywxweiam,whitney.robel@yahoo.com,m,53
320,Jude,fxd8r3xxlvrz8,buena.cronin@yahoo.com,m,18
321,Leandro,ap3a9zm4o184c,mathew.jakubowski@hotmail.com,m,54
322,Jayson,dt2i1au1tbjz2,ricardo.morar@gmail.com,m,43
323,Giuseppe,fxojjk98qb8st,kim.bernhard@hotmail.com,f,19
324,Paulette,func43hcbj,vance.jacobi@yahoo.com,m,50
325,Laurette,xtu6dvl7dj,marietta.kutch@yahoo.com,m,24
326,Shad,yzwfmmp2s7,joey.wehner@yahoo.com,f,59
327,Paris,n7rcdgi9onvcei0,nieves.mante@yahoo.com,m,42
328,Tawnya,uoqe0xlk1t,brice.ankunding@hotmail.com,m,53
329,Joesph,p71e158fo,keitha.emard@yahoo.com,f,19
330,Merle,bpzqmmaol,josiah.weimann@hotmail.com,f,48
331,Leann,w4dbbtnr6jcxp2g,easter.ruecker@yahoo.com,f,56
332,Zane,hegyvcswszfkyhz,carlo.dach@hotmail.com,m,59
333,Rosy,a6ftm275spfw60,aleida.macgyver@hotmail.com,f,19
334,Aretha,wnw5xnshwm,onita.beier@yahoo.com,f,34
335,Pete,qa0ohm3t7bxtu,genaro.crona@gmail.com,f,28
336,Cleora,af89ru9mb1fqo8w,jazmin.gleichner@yahoo.com,f,48
337,Artie,83e9rrxum,janey.ritchie@yahoo.com,m,36
338,Sabina,80ysipyx6,celena.larson@gmail.com,f,56
339,Lucas,j831ag8wfo254q,maureen.bahringer@gmail.com,m,59
340,Wally,tyedp2vxik,margarete.okon@gmail.com,m,60
341,Trent,jxpo85h2h,laverne.oconner@yahoo.com,m,30
342,Lakia,1vvou8hk6t4,cheyenne.pagac@yahoo.com,f,44
343,Rigoberto,5ip8obxdy,lecia.gorczany@gmail.com,m,39
344,Refugio,85kemb7orv11,lorean.beatty@hotmail.com,m,29
345,Walton,p7ao9vgenjd4,neville.marquardt@yahoo.com,m,27
346,Neville,le5je58ke0,demarcus.mosciski@hotmail.com,f,29
347,Numbers,k8wmziu13wm,filomena.stiedemann@gmail.com,m,60
348,Ursula,7f4ihv8i2638,kelley.metz@yahoo.com,f,29
349,Kory,lxavf50z5yjiz4,cletus.prohaska@hotmail.com,f,59
350,Michelle,ncryq20z55q,ofelia.schmidt@yahoo.com,f,23
351,Lahoma,1iyh2655vt,raye.gaylord@yahoo.com,m,48
352,Toby,r41c2gtxnxyewm,latashia.hand@gmail.com,m,24
353,Rolf,vicntbx1ked4y,kandis.kautzer@hotmail.com,m,53
354,Edie,3oz14kj3p3g53,alla.kutch@hotmail.com,f,23
355,Sharron,duwqi55m2,retha.schroeder@yahoo.com,f,24
356,Halley,h6azbvcps0,sharita.okuneva@hotmail.com,f,18
357,Brett,29tv1mzljkwwy6,marni.armstrong@yahoo.com,m,30
358,Jessia,55v6kc0zz5jfj,antonio.hansen@yahoo.com,m,40
359,Jordan,4pe4caguoyr0n,william.greenfelder@gmail.com,f,59
360,Kim,4frwloakrs4as,herb.lindgren@yahoo.com,f,45
361,Geoffrey,0ez9si1t,rocco.okuneva@gmail.com,m,47
362,Billy,drwek850oc2,candice.wyman@hotmail.com,m,40
363,Karleen,u9mizabs41n8u,cheree.becker@yahoo.com,m,56
364,Olympia,jwmn6cjs9,tyree.hauck@gmail.com,m,60
365,Zachery,zuk4hsiqoefc6,norman.herzog@hotmail.com,f,47
366,Noble,qp9l4t8i4dbzlkf,miquel.volkman@hotmail.com,m,44
367,Houston,adcrpehwrnhdi,audry.osinski@yahoo.com,f,34
368,Catheryn,dth30jhcdmho,tracie.collier@hotmail.com,m,50
369,Damien,sib2wzau0gv,donny.gottlieb@hotmail.com,f,56
370,Alejandro,qdcwzv6v,paola.schinner@hotmail.com,m,55
371,Charlott,d1e7nzxp56k,jacinda.emmerich@gmail.com,f,32
372,Omer,vam5fimzvhxkta,sherrell.shanahan@gmail.com,m,30
373,Shani,fbopgo5t,zonia.mayer@hotmail.com,m,49
374,Kaylee,mflubdp94us110s,noah.carroll@hotmail.com,f,27
375,Tashia,clnksc3meosz,edwardo.hudson@gmail.com,m,37
376,Alejandrina,4x0uqjknfslh4,mickie.dickens@yahoo.com,m,49
377,Jacquelyne,11g23cvh8dl,dimple.kirlin@gmail.com,m,27
378,Wilhelmina,esivkdl2,antone.smitham@hotmail.com,m,25
379,Tiffani,zvv6o78dx,aubrey.hettinger@gmail.com,f,35
380,Gordon,a39dctce76g10,neda.robel@hotmail.com,f,40
381,Janette,mn98r20nbid8gb,salvador.bradtke@hotmail.com,f,50
382,Francisco,8btvgpyw1ox4f1,lorriane.tillman@gmail.com,f,26
383,Andra,4r9kpripv6,sandy.schroeder@gmail.com,m,32
384,Fransisca,14hm9hq39,ben.runte@hotmail.com,m,48
385,Lynette,uv01y6goq,evelina.fay@hotmail.com,m,60
386,Morris,fv4k24ckdfjs,hung.heller@hotmail.com,f,55
387,Carson,srpfaqspgf2,walton.sauer@hotmail.com,m,50
388,Steve,hd8n92xmx2,dannie.hammes@gmail.com,m,35
389,Berenice,8i7v0u6f4qgoc,lia.oberbrunner@gmail.com,f,43
390,Mac,z3awf7d1np1l808,pete.medhurst@yahoo.com,m,24
391,Linsey,3tsju3c46oar6n3,alena.muller@hotmail.com,m,37
392,Allene,04oksgoot,eliseo.ruecker@gmail.com,m,49
393,Chang,i0g8urcoddfna,crista.walker@gmail.com,m,55
394,Katherin,1t1dfnqujw,loren.murray@gmail.com,f,57
395,Ralph,cdw9e1ozqmo1tia,luise.altenwerth@yahoo.com,f,46
396,Loni,45ydstyp,narcisa.strosin@gmail.com,f,58
397,Ina,ep6m9t4c,frankie.kling@gmail.com,m,30
398,Shery,8rcxauu3tn3vzqj,della.funk@yahoo.com,f,18
399,Kurt,7fw640zho,antoine.lesch@yahoo.com,m,59
400,Clyde,qg7as32g5ayq7,deloras.botsford@yahoo.com,f,27
401,Ernest,9gp1nig0zfe,gregory.bogisich@hotmail.com,f,24
402,Nichelle,xwy68m8gzn8,jung.vandervort@yahoo.com,m,33
403,Laquita,xmcuc4pgi5a,young.von@yahoo.com,m,21
404,Forest,z7jrdyro,peter.schultz@yahoo.com,f,34
405,Jacki,bjnsxxwpu,chas.mclaughlin@gmail.com,f,33
406,Von,65ywqkg5ejg4u,frances.wilderman@hotmail.com,f,49
407,Bernard,vnmauuru,raisa.hintz@yahoo.com,f,50
408,Daniela,iu3saapnyp9,lakeisha.anderson@hotmail.com,f,24
409,Marianne,2ngs5dnf5rpfm,shirely.mertz@yahoo.com,f,22
410,Sina,nay9k50kop3k9l,jacques.konopelski@hotmail.com,f,42
411,Chrissy,qrviosy0we0jno,buford.carroll@hotmail.com,m,32
412,Linda,cjymxmz3dsy6,hank.dickinson@hotmail.com,m,43
413,Candance,agpctjdnl78,ike.wiegand@yahoo.com,f,40
414,Zenia,arouiqpwz,richelle.koss@gmail.com,f,26
415,Roselia,k4lnsvxvtohrdv,karma.kuhn@yahoo.com,f,20
416,Rachael,y3rk6n1q91wt,yvette.johns@hotmail.com,f,39
417,Rey,umci9dgvnbeujg2,lala.reichel@gmail.com,m,58
418,Marilou,wr3ukxnlj7,phil.thompson@hotmail.com,f,42
419,Dwayne,j2u4s28jkmyxffm,marquetta.schoen@gmail.com,m,43
420,Jame,5cfe1tp2aku,cornelius.gerlach@hotmail.com,f,35
421,Lorene,t73wzelfe4,elwood.sawayn@gmail.com,m,47
422,Monroe,b0our19a6cku,dian.kshlerin@yahoo.com,f,29
423,Gay,94fv6h2e,meri.bernier@gmail.com,m,45
424,Everette,kd87xt9w1r7pv7i,moses.renner@yahoo.com,m,22
425,Claudio,xhcddnj3t2,mariette.kuhn@hotmail.com,m,22
426,Manuel,0hamp07nurscl6l,mitchel.quitzon@yahoo.com,m,41
427,Eura,7uy81jgicgn56q4,andree.adams@yahoo.com,m,53
428,Brianne,iczmewknbr,werner.johnston@hotmail.com,m,25
429,Rob,mquvw02pce,rigoberto.runte@gmail.com,m,46
430,Lue,ohytd4fu0o21,todd.murphy@hotmail.com,f,35
431,Gene,8gnc1uej,reed.greenholt@hotmail.com,m,35
432,Sanda,ur4za4fnqry8,jason.rippin@gmail.com,f,40
433,Isaias,iq6vl6imai,duane.hilpert@hotmail.com,m,20
434,Tyron,p6fxrvo0sn5,florencio.purdy@hotmail.com,m,58
435,Mitch,xn5ffhkut,dona.daniel@hotmail.com,m,44
436,Garth,7ylb5ko2kec,eldon.senger@hotmail.com,f,54
437,Sadye,ys0qw75c,marquis.robel@yahoo.com,m,35
438,Jacelyn,0rltrlxw,ambrose.pfannerstill@gmail.com,f,60
439,Lovetta,0gpu4spuj7mn4,valentine.klocko@gmail.com,m,21
440,Robbie,ceswt8stw6yh,norris.rempel@hotmail.com,f,46
441,Oralia,0ccz21h7ar05f,ardith.dooley@gmail.com,m,37
442,Wes,qfbngiwwrz2fy,mauro.wuckert@yahoo.com,f,32
443,Alfonzo,sqa0jt8oki8e,jon.fadel@hotmail.com,f,26
444,Berneice,jq2kjyd815yhtc,billie.sipes@yahoo.com,m,33
445,Savannah,xretrhyc,daren.considine@hotmail.com,f,46
446,Kenny,8yc8mwh4,richard.effertz@gmail.com,f,58
447,Randall,66gibjx4r,dannie.schumm@hotmail.com,m,23
448,Gilbert,95p5ak0ahqera,christi.zboncak@yahoo.com,f,40
449,Javier,9vjrfab5,zola.bogan@hotmail.com,m,29
450,Esteban,0hdo1yq1km,guillermo.glover@yahoo.com,f,54
451,Noble,1cutmqqyyfiio1,kathline.schmidt@hotmail.com,m,34
452,Abel,hsmz5eq8neafv,jeana.runolfsdottir@gmail.com,m,47
453,Xavier,qxtegefkssh,ivory.heaney@hotmail.com,m,40
454,Marylou,6bqwv7a8qh4r,sherley.fisher@yahoo.com,f,52
455,Starla,xu1rif2bwtjuafm,ricky.nienow@yahoo.com,m,48
456,Belia,g58xy9j9hl60myk,milan.boyer@hotmail.com,m,53
457,Wilburn,mw0d7t0gz4c6z8n,salena.lemke@hotmail.com,f,48
458,Chung,ng0zylb6w2r,latrice.nolan@yahoo.com,f,48
459,Candace,008mi1kie,francisco.farrell@yahoo.com,f,23
460,Sandy,jn38zb5wecip,kermit.metz@gmail.com,f,26
461,Saul,h9rd2r3cu5,deon.gottlieb@gmail.com,m,18
462,Earline,fbxw6pbkw4,eli.macejkovic@hotmail.com,f,19
463,Vito,p83au9xh,amos.kemmer@hotmail.com,m,34
464,Sheron,wpj8467f2m,fidelia.cruickshank@gmail.com,f,58
465,Ailene,o8bi5mpjosor,clement.bauch@yahoo.com,m,48
466,Abram,zef6cbfgz8h,lessie.hilpert@yahoo.com,f,19
467,Lucinda,uytn75jksu,aurea.purdy@gmail.com,m,52
468,Nada,9b89rooe5r,kandra.marks@gmail.com,f,34
469,Neil,hwrzw8xdwvb0d,melanie.flatley@gmail.com,f,45
470,Franklyn,6sa8z26d43b8772,nettie.wiegand@hotmail.com,m,21
471,Curt,w2wwp42rfil8wp,troy.howe@gmail.com,m,27
472,Charlott,jrmp1a4ddt,jonathon.collier@yahoo.com,m,33
473,Yoshie,m9k0adys2,kurtis.will@gmail.com,m,42
474,Weldon,6o083lary3gm,humberto.kunde@yahoo.com,m,52
475,Alycia,qn3kvut41djdc,laureen.harber@gmail.com,m,26
476,Roman,kyfpiau4xce0,nidia.hammes@hotmail.com,m,25
477,Ramon,5xo6tw9p3,elinore.walsh@yahoo.com,m,42
478,Sal,t71qw6g1us5iyo,vivan.rogahn@hotmail.com,m,49
479,Kristel,wjvq99o9hsjn,alberta.konopelski@gmail.com,m,54
480,Hallie,9rne87tct3,stephen.abbott@gmail.com,f,41
481,Donnell,9ui2c5dxls,sarah.abernathy@yahoo.com,m,28
482,Domingo,w23vdo5rio,eugene.sporer@gmail.com,m,18
483,Adrien,04b9z9qi79g,marlo.schimmel@hotmail.com,f,49
484,Leo,2c66lsk0r33,bethany.kuhic@gmail.com,f,35
485,Clara,9bft3kjcr2rbu9y,nelida.wehner@hotmail.com,f,36
486,Ron,d9nqqyo78tcjfd,leslie.bauch@gmail.com,f,47
487,Les,ulwg8h8ea,mark.predovic@gmail.com,m,41
488,Johnny,vp26mj71dlf786u,andree.schneider@gmail.com,f,34
489,Michiko,xoi5binrfkf38yq,tatiana.kassulke@hotmail.com,f,30
490,Shad,o1ta4589krofv,sanford.beer@hotmail.com,m,56
491,Kayleen,hvdt8g7nhs279,lacy.jacobs@hotmail.com,m,38
492,Bea,ujfq6rjbbjp,clement.kozey@gmail.com,f,27
493,Brent,trzgx732om6rvw,damion.ruecker@hotmail.com,m,24
494,Tayna,q47mu8e1f99,kam.wuckert@hotmail.com,f,27
495,Irvin,2dhfhzarooecxx,ehtel.grimes@gmail.com,m,31
496,Wiley,gtghiflqrhj48,winnifred.dickens@yahoo.com,f,19
497,Elaina,f9y7cf1jrj,margarette.wuckert@gmail.com,m,38
498,Bennett,6913utd5op,amy.carter@gmail.com,f,46
499,Adolph,wvac94thayc60vb,frankie.harvey@hotmail.com,f,26
500,Trevor,kw505j0s14z,angelique.crooks@yahoo.com,f,60
501,Ethan,f5xf91fpxgnt,randal.legros@yahoo.com,m,25
502,Pamila,dlstmk89fx,stacy.armstrong@gmail.com,m,22
503,Sheree,9vyfug2zm56riwr,stephen.champlin@hotmail.com,f,26
504,Arnulfo,y0l6v4qmuy8gr,rutha.oconner@hotmail.com,m,52
505,Karena,yq16cwbm8hp,dennis.casper@gmail.com,f,31
506,Timothy,8n3ov08j5cyw92d,winter.abshire@yahoo.com,f,57
507,Wally,y7j49bbvn4a06h,kenneth.borer@yahoo.com,f,35
508,Eusebio,juk300hn,tien.kris@yahoo.com,f,29
509,Kieth,zfnb9whcca7ij8,terrell.farrell@yahoo.com,f,37
510,Gerardo,nt0cmv4p3b31w87,vannessa.williamson@hotmail.com,m,42
511,Brock,070mdpgx284c,yvette.littel@hotmail.com,m,19
512,Jacelyn,i67iefo3rxu7,roxy.upton@yahoo.com,m,48
513,Milo,v0c0efknql15o,brock.murphy@hotmail.com,m,30
514,Arielle,1wf71zgc5m69p,liane.cronin@gmail.com,f,59
515,Elwood,5nn7333p9ue0,jake.romaguera@gmail.com,f,34
516,Colby,bvt31ae75ar,helene.hagenes@hotmail.com,f,36
517,Esther,qgmse5wa2s59x,edda.kautzer@yahoo.com,f,44
518,Chere,i7roxffwh2cxbs,beula.stroman@yahoo.com,m,36
519,Dewey,m3wr890du2rc2dj,adolph.konopelski@gmail.com,f,22
520,Chau,8yosis1td,thaddeus.purdy@yahoo.com,f,28
521,Ahmed,zuylx1cjii3x,thomas.watsica@yahoo.com,m,39
522,Colton,mltnr3ff2sc,dia.sauer@gmail.com,m,44
523,Nicolasa,yc6p8u4h0s,pearline.bergstrom@hotmail.com,m,46
524,Junko,97q0c9ujsag,prince.waelchi@yahoo.com,f,49
525,Darrick,epf89jmyn,kurtis.collier@gmail.com,f,50
526,Marlon,t697i12mnwvaxa2,tom.lynch@hotmail.com,f,19
527,Millard,6vfsf1da35c02,nieves.pouros@yahoo.com,m,44
528,Delena,id18mh7ggy8kkyy,galen.bins@hotmail.com,m,48
529,Shantell,dpahia5twamqkg1,maxwell.willms@gmail.com,m,49
530,Jc,8kcw5mjxtnvk,darcie.keeling@hotmail.com,m,60
531,Tesha,9tu6194hok,stanton.monahan@hotmail.com,f,28
532,Wendolyn,l7zw4a1plvkph,deandra.grimes@hotmail.com,f,21
533,Daryl,qav0gr7cg1l,tish.crona@hotmail.com,m,35
534,Alysha,4w1ez66h1,arlen.cormier@yahoo.com,m,34
535,Hyman,adaondybtlkcaxz,mitzie.jenkins@gmail.com,m,48
536,Esteban,7t2fsjjm955,kermit.spinka@hotmail.com,f,35
537,Edmund,geaivbbnu6,shad.reichel@yahoo.com,f,22
538,Clarence,1z6ii2i7a,cindy.berge@gmail.com,m,39
539,Corrina,zulvvpjw511,timmy.olson@hotmail.com,f,27
540,Armand,chp6yz8c,wen.gottlieb@hotmail.com,f,23
541,Tenisha,54vrhn8fx6,marilou.sporer@hotmail.com,f,55
542,Joan,h62mnxeqkgb,joey.haag@gmail.com,m,33
543,Darlena,1dj3fv5m,leroy.lemke@gmail.com,f,60
544,Darren,fzwhn5f04nzf1am,art.orn@yahoo.com,f,42
545,Cary,gn6wadoc,flor.bins@yahoo.com,m,41
546,Kamala,8vj1zo94e,kelley.auer@hotmail.com,m,51
547,Imelda,0a5voq5su73g,evalyn.goodwin@hotmail.com,m,41
548,Michael,n24gt2f9cj9,candyce.lesch@gmail.com,f,56
549,Kenton,cbvf6bomee0cuw4,carmella.kuvalis@gmail.com,m,54
550,Gail,7ydsklm9fs4eu,theron.hauck@yahoo.com,m,34
551,Mina,23c66pracg29vt2,laveta.torp@hotmail.com,m,43
552,Janita,riv559sq7hlwt,lowell.jast@hotmail.com,m,47
553,Odis,totzy11u5omkzg1,shakira.walsh@hotmail.com,f,28
554,Vickey,11784snhi2d6,gladys.konopelski@yahoo.com,f,42
555,Spencer,qyu2e0gm,octavio.sanford@hotmail.com,m,18
556,Lowell,eoy5jyf6h1s5,eileen.wisoky@gmail.com,m,29
557,Hiram,brotead1k,samuel.tillman@hotmail.com,f,43
558,Armando,jkdyemrsn3bu,sandy.kemmer@hotmail.com,f,39
559,Theron,zrlfgyiy,ike.brakus@hotmail.com,m,43
560,Shayla,hzowo1ju4cbv,lorena.tromp@gmail.com,m,56
561,Florentino,8w463xdr21j,tashia.beer@gmail.com,f,56
562,Bess,75nc2pact8vygbu,micha.wintheiser@gmail.com,m,51
563,Irvin,fp9wtisjs,jackeline.nitzsche@gmail.com,m,23
564,Bryan,is9cwea0,joel.leffler@hotmail.com,f,27
565,Brady,95fayp8fph63tbe,dagmar.ferry@hotmail.com,f,55
566,Ward,4mk42qoltzkfc0,daisy.stroman@yahoo.com,m,35
567,Gussie,h6gyicrjb7raqb,candance.mante@hotmail.com,m,19
568,Sherwood,ufzcmghurh34m,isiah.beer@yahoo.com,m,39
569,Leif,odrodrmdijxp,zana.grady@hotmail.com,m,43
570,Damon,2206osqzvgt,kerry.runte@gmail.com,m,19
571,Phillis,6kyspqmh,tonita.reichert@gmail.com,m,59
572,Enoch,n8ulse9jos8lkh2,alonzo.hamill@gmail.com,f,35
573,Raymonde,p5npaiplah1lnc,jeffie.okon@yahoo.com,m,57
574,Noah,o57pb4ezwtaq,hassan.hills@gmail.com,f,45
575,Zackary,w1dckbwpv9o,karri.purdy@yahoo.com,m,54
576,Sandy,e3lnisrqxui4qk,lauren.reinger@gmail.com,f,36
577,Giovanni,r6mm3ff8l8wyofj,jon.mueller@gmail.com,f,27
578,Jonathon,1ft5z920pf5hnzi,alisia.botsford@hotmail.com,f,58
579,Jermaine,30y3imqd,daniell.king@yahoo.com,f,25
580,Evie,rw4ybfnnpfa93,katrice.powlowski@hotmail.com,m,18
581,Sherwood,dnw5og2gbk,lester.wyman@yahoo.com,m,60
582,Venetta,azsw3b8dm0nogdx,kimberely.white@gmail.com,m,30
583,Erich,cjp29xeveahkcp,norris.corkery@hotmail.com,f,34
584,Solomon,e3s26cy5z,ernest.windler@hotmail.com,m,48
585,Mervin,67kh2e9x3l9,jeramy.metz@hotmail.com,f,55
586,Hung,idqplbrr1mhhmvk,virgie.thompson@gmail.com,f,33
587,Janett,4g961ss1lkor2wo,lacy.lubowitz@gmail.com,m,37
588,Shawana,d4kn3wiks92,ranee.stoltenberg@gmail.com,m,44
589,Jaye,wo46e9vo98r84,billye.pacocha@hotmail.com,f,54
590,Bertha,etku2d8m,parker.mccullough@yahoo.com,f,52
591,Sebastian,e0v63hcsz31f1sh,eusebio.doyle@gmail.com,f,47
592,Murray,mndhwny6gh2u9,moshe.gulgowski@hotmail.com,m,43
593,Bradley,1jeh7hql7,haydee.marvin@hotmail.com,f,35
594,Heriberto,twgqhl4d1i,toshiko.padberg@gmail.com,m,57
595,Mauricio,swe7p2yk,elliot.hane@gmail.com,f,44
596,Isaac,t03gidn3v,stefan.auer@hotmail.com,m,21
597,Hulda,kxo78mbmx6ln67,vern.johnson@hotmail.com,m,38
598,Linn,0dfj47yrkzant,cinda.skiles@gmail.com,m,45
599,Kiley,oeg4d7c1,benjamin.littel@hotmail.com,m,42
600,Libby,qnkq99jy1,roland.purdy@gmail.com,m,26
601,Devon,oe8ns1tqw4,ray.langosh@hotmail.com,m,55
602,Jonelle,skwx9sdspfvc4x,fiona.lockman@hotmail.com,f,20
603,Quincy,1seabg146mxpa,erika.mccullough@hotmail.com,f,32
604,Nicol,vi15c2amq,chara.rosenbaum@yahoo.com,f,21
605,Margret,isdwe3unnf1jv,augustine.cruickshank@gmail.com,m,44
606,Jonna,anyq71rpevos,lindsey.lockman@yahoo.com,f,44
607,Rosalee,q2gnbkpn1zgxs24,alfreda.schroeder@gmail.com,f,27
608,Clara,hcgbeejok1kwanm,jim.ohara@gmail.com,f,22
609,Justin,u9arnitldzm,karen.zboncak@hotmail.com,f,58
610,Lucrecia,e0wv75tbjyhabp,kendrick.schultz@gmail.com,m,32
611,Colby,h92muzc793b6o,erika.botsford@hotmail.com,m,28
612,Maida,5qowtlhp4bb,mabel.larkin@hotmail.com,f,22
613,Dion,5ucmbrparbna,sylvester.orn@gmail.com,f,46
614,Terrell,8rbpmjsamv6,robert.predovic@yahoo.com,f,46
615,Bart,845bjhp5awouduq,shawnda.buckridge@hotmail.com,m,20
616,Irwin,0u4mfqydigth,britt.rutherford@hotmail.com,m,40
617,Bruno,hmk6fe9kefr,zane.schoen@yahoo.com,f,26
618,Emile,fzozml8wh56f,basil.effertz@yahoo.com,m,24
619,Lakita,tsvokbydw,coleman.ryan@hotmail.com,m,42
620,Jeanene,7up7y3nqs21u,nilda.zemlak@gmail.com,m,41
621,Derick,rd1tzksk0bd5cc,windy.franecki@hotmail.com,m,29
622,Trevor,8sb006u52sjp8n,carmelina.herzog@hotmail.com,m,30
623,Lavenia,twzzstiew,terrie.bauch@hotmail.com,f,22
624,Tiffani,s2yaqw1f,darius.sipes@yahoo.com,m,22
625,Timothy,7n8lm5bdg0z9y50,wally.mcglynn@gmail.com,f,23
626,Kim,zheffl9vl3bt,augustine.larson@yahoo.com,f,53
627,Dominic,irdva5eo4i0osxd,sadye.lesch@hotmail.com,f,36
628,Buster,o8t2bkd40,tatiana.ryan@yahoo.com,m,60
629,Romeo,yimplnzvfd9rb,eusebio.crona@hotmail.com,m,36
630,Gearldine,0zl86pqldpngcjx,russ.conn@hotmail.com,m,43
631,Freeda,n7hk1q05le98,grady.trantow@yahoo.com,m,25
632,Phyliss,38lxh62ompe,ignacio.murray@gmail.com,m,21
633,Santo,g46xju4xwsr,thomasena.stracke@gmail.com,m,30
634,Sina,9j5sa7at62l,cornell.gislason@yahoo.com,f,47
635,Lawrence,erzjb57tpr,luetta.grant@hotmail.com,f,53
636,Mark,cpsi8sse61azuy,alfred.kunde@gmail.com,f,48
637,Shirlene,s58o8602k0vrm2l,christa.auer@yahoo.com,m,35
638,Ali,zfbsuypskt7,marcelino.macejkovic@yahoo.com,m,19
639,Gilberto,b4m2irfdch,sabina.zieme@yahoo.com,m,22
640,Berna,uools6zumu,otha.larson@yahoo.com,m,26
641,Shon,ehjapedq,alphonso.nolan@gmail.com,f,54
642,Alejandro,a1pz1vtouoofj40,taisha.dickens@hotmail.com,f,36
643,Alexa,7vsvw23gy,carly.stark@gmail.com,f,28
644,Regan,5ug656k8j2r0s,tara.herzog@hotmail.com,f,39
645,Major,qqjvvaviu8g5o,barbara.price@gmail.com,f,38
646,Susana,kmjlu1vaxjuw,abigail.beier@gmail.com,f,38
647,Karly,npfvfeymcfw54,lai.rice@gmail.com,m,58
648,Claude,59heslx0svb,camille.kunze@yahoo.com,f,22
649,Oswaldo,od2qh7qh2xq0,alene.streich@gmail.com,f,27
650,Trinidad,cxeqcb2auytd4q,vina.treutel@hotmail.com,f,50
651,Sonia,em3e8mj7qh4,simon.shields@hotmail.com,m,26
652,Stuart,6a7p3drf9,noel.ziemann@yahoo.com,m,56
653,Felipe,ue7kzq85k4vb,tessie.balistreri@yahoo.com,f,47
654,German,4nu9f415,mickey.okeefe@yahoo.com,f,19
655,Earl,98gbqzs0f2i9dla,jesus.mayert@hotmail.com,m,24
656,Shu,8cvgfa18,eugenia.wolf@yahoo.com,m,56
657,Lloyd,wcgy7snzbv4pl24,bella.veum@hotmail.com,f,19
658,Horace,ato7k5k88h,darla.bartoletti@hotmail.com,m,26
659,Britt,266aoeato15,lacy.nikolaus@hotmail.com,f,50
660,Sol,xh79z97rgif50,modesta.labadie@gmail.com,f,20
661,Titus,8ti8dilpfm94,carey.sanford@gmail.com,m,37
662,Benjamin,tgsf1oxeex,danielle.parker@hotmail.com,f,28
663,Glennis,db5r68n7juu,bob.zboncak@gmail.com,f,42
664,Ellsworth,cbr1hplcob9,darnell.lockman@hotmail.com,f,28
665,Josh,kvqeavwr8791s5x,jina.rogahn@yahoo.com,m,24
666,Justin,b8dy8cxxpf7vp,joey.prosacco@gmail.com,m,58
667,Sabine,uffdq1719sn,elvin.kshlerin@gmail.com,f,40
668,Holly,sqxjue3b4owl,tajuana.sipes@gmail.com,m,54
669,Emmett,67s2fb5zakdyzuk,augustine.bailey@yahoo.com,m,51
670,Lenny,ap6tdtj7t4zv7,oda.mohr@gmail.com,f,24
671,Malorie,6wzp3pmq,palmer.mertz@gmail.com,f,19
672,Emerson,fmfxbr0t9u6avns,milan.white@gmail.com,m,57
673,Dexter,o6msi5ijch5787,donald.ullrich@hotmail.com,f,38
674,Renae,bqjhpsnrtl3d7,arlene.damore@yahoo.com,f,42
675,Tanner,g9cx1cd0idzs6kj,thomasina.schuppe@gmail.com,f,43
676,Georgann,kxq9193w2si2h,eddie.bashirian@yahoo.com,m,38
677,Rex,f0c14pchf4e,alvera.krajcik@yahoo.com,f,55
678,Wayne,7f1ag7j4,kareem.schuppe@hotmail.com,f,32
679,Mendy,ahdvnh4zbfv0,alphonso.koch@yahoo.com,m,32
680,Brain,w939m5gf,carter.pagac@yahoo.com,m,51
681,Zula,3letqm61,emilia.parisian@gmail.com,m,40
682,Doyle,yklpybbjm6,ricardo.wolff@yahoo.com,f,48
683,Cecille,y64t95f5874y4,isiah.effertz@hotmail.com,f,28
684,Elly,agaule87w6v,charlie.terry@gmail.com,f,41
685,Lilliana,udarad0lclxam3,michale.grimes@gmail.com,f,23
686,Vinita,an390igvimy,columbus.armstrong@yahoo.com,m,58
687,Felecia,bjfctcyuz5t4,enola.feest@yahoo.com,m,22
688,Santo,3hn1qb75rry84,ling.towne@yahoo.com,f,45
689,Rickie,0htnoguk6p,kip.russel@hotmail.com,f,20
690,Hunter,843eugwf,orville.ankunding@hotmail.com,f,32
691,Burton,vryxhfy8ow,frank.donnelly@gmail.com,f,46
692,Jae,1wy0n82k,deandrea.stracke@yahoo.com,m,36
693,Normand,ic6k1vziov,jerrod.kuphal@yahoo.com,m,34
694,Janella,v6uidyii7,kay.aufderhar@yahoo.com,m,25
695,Donnie,yl0ee41y8vxj,violet.pfannerstill@hotmail.com,m,24
696,Larissa,6vg0xx68u,teddy.bahringer@yahoo.com,f,26
697,Sanjuana,rwsitsuji391v8,marci.gutmann@yahoo.com,f,19
698,Kurt,h7ea5gyxa3w,theodore.harvey@yahoo.com,f,24
699,Jaye,g6em59wo8kt73,fletcher.lakin@gmail.com,m,21
700,Numbers,etrtw60lgh7um01,stephania.abernathy@gmail.com,m,60
701,Ian,25gzpyjyiy,neva.mohr@gmail.com,m,33
702,Sade,9n24kymsrnuajno,earnest.brown@hotmail.com,m,19
703,Chadwick,mq81x2irabrzu,raul.runte@hotmail.com,f,31
704,Vincent,3hgn7ljm4vwviv,brady.purdy@hotmail.com,f,34
705,Natasha,orujg3mmw,scottie.schoen@gmail.com,m,60
706,Willis,ypv07v9z9,damien.sporer@yahoo.com,m,36
707,Jerrod,islywna6he43,beaulah.becker@hotmail.com,f,49
708,Nathanael,wngxlrhgvpk,tuan.nienow@yahoo.com,m,48
709,Lilla,xfv0fcf2,gloria.haley@gmail.com,f,32
710,Antonia,r6y6w9xa4,piper.stroman@hotmail.com,f,18
711,Carole,08i0gid0otrp,cammie.goldner@gmail.com,m,30
712,Gavin,rfeujwoifqdblk,dillon.beahan@yahoo.com,f,50
713,Mervin,g0im0we16mhr,terry.ortiz@gmail.com,m,38
714,Herlinda,zquy058o04rb6op,reed.mueller@hotmail.com,f,41
715,Kurt,ufvdydi6l7ys2k,haywood.stracke@yahoo.com,f,27
716,Julian,3t94mixtioz,minh.ullrich@hotmail.com,f,37
717,Lynn,hr398tkvuvaf94l,alva.rippin@yahoo.com,m,58
718,Kandy,45cy77ij8e,yang.jones@gmail.com,f,56
719,Gabriella,utxm6qfrl6bvcix,tyrell.hauck@gmail.com,m,19
720,Dorthey,8e68kbie3zkrm3,galen.mueller@gmail.com,m,35
721,Ryan,f6ui8p7mo5mrxzm,harriette.waters@yahoo.com,m,31
722,Herb,m01ldei4z9ypqt,dolores.kreiger@gmail.com,m,60
723,Leonel,5jhwrwc93aen,maida.gislason@hotmail.com,m,54
724,Hector,z76ruwvk6w1lcb3,lilli.rempel@hotmail.com,m,24
725,Mari,b7jkq0ga,shalon.predovic@gmail.com,f,51
726,Edna,ger0xxn919sor7h,ken.ortiz@hotmail.com,m,58
727,Lashawnda,ms5mz7rmfjz8,melvin.howell@hotmail.com,f,43
728,Carleen,8nkjjuabm2g,alden.bechtelar@gmail.com,f,30
729,Basil,fgd0zoib2d7qo,brad.kuphal@hotmail.com,m,46
730,Yuki,6kdsxhtp,vennie.feeney@gmail.com,m,33
731,Chu,z6nvlk1h40vn,jacques.mccullough@hotmail.com,f,31
732,Remedios,33xrolm4g8g,alayna.jaskolski@hotmail.com,m,40
733,Ellamae,mea0usbmdwy85,ernest.mante@hotmail.com,f,57
734,Juan,74drxsc2u355g8r,ron.schaden@hotmail.com,m,28
735,Shanell,b87evqcm7qj3,michael.crooks@hotmail.com,f,32
736,Gregorio,tu44vuart3bfnl9,elane.roberts@yahoo.com,m,49
737,Zackary,vliaiy2vj6khguy,douglas.hoppe@yahoo.com,f,50
738,Antione,fctud4t8n0mvzog,gus.lebsack@gmail.com,f,22
739,Maryann,l3l1kissgsy8,nigel.hilll@gmail.com,m,38
740,Yong,rvi7wijejmhliv,patrick.runolfsdottir@gmail.com,m,34
741,Thuy,jxkwxnf73,efrain.ernser@gmail.com,f,22
742,Reuben,i8ov11x5paa2,loren.bayer@hotmail.com,f,20
743,Rosette,bbopbvkfoch8n,keri.marvin@yahoo.com,m,25
744,Milan,nzptueg0yhp,tracey.hegmann@gmail.com,f,41
745,Ivory,gkm44cb2us7,glinda.schroeder@yahoo.com,m,30
746,Gaston,u06ctcxwrfm,ivory.okuneva@yahoo.com,m,55
747,Donte,nwd5cpcfg,emery.wyman@yahoo.com,f,25
748,Loma,t34i1s6suh76,deidra.gutmann@yahoo.com,m,50
749,Kristi,j4rx15ir,elbert.oconner@hotmail.com,m,60
750,Erin,qv9a3c61sr,latoya.hills@hotmail.com,f,31
751,Agnes,3z7n3dolwc,sharron.schultz@yahoo.com,m,46
752,Kyle,etqvsqccuolop5,carmen.tillman@hotmail.com,f,37
753,Dusty,6y3msbl1h,shelly.vonrueden@hotmail.com,f,51
754,Thomasena,vjm595ycez7qpl,lael.mante@gmail.com,f,18
755,Noelle,5ptz2shok0vg4,barney.conroy@yahoo.com,m,60
756,Annetta,2s0hbam4,weston.trantow@yahoo.com,f,55
757,Keven,iwdspnxw,russel.dare@hotmail.com,f,46
758,Donte,55wzwgp8u2n,tabitha.muller@hotmail.com,f,44
759,Kathy,y2c093x4afmwc,jeri.von@gmail.com,f,49
760,Lovie,6g7c8tr7tx,keeley.reichert@hotmail.com,m,48
761,Lorrie,x58ga0tcf,earl.thiel@hotmail.com,m,53
762,Cassaundra,wiydn8nsjvo,ardelia.swaniawski@yahoo.com,f,40
763,Rene,cntu6vpt5if6j,levi.pacocha@hotmail.com,m,38
764,Nora,ggd2bjaigsbbzud,daphine.zemlak@yahoo.com,m,30
765,Denis,j3s8mffbhz30cc,roberto.berge@gmail.com,f,60
766,Milo,t9aza8l74yh9eio,dot.homenick@gmail.com,f,48
767,Mui,pgeuz6352,morris.pagac@hotmail.com,m,38
768,James,1atgwxy620rth,thomasina.wuckert@hotmail.com,f,49
769,Keva,kwkmcxotknau9kt,rosita.beatty@gmail.com,m,21
770,Napoleon,dnra229kpf,taylor.durgan@hotmail.com,m,47
771,Esther,tbg1aj0xdfi4,teresita.becker@gmail.com,f,60
772,Angelyn,4ifesvd3,vicenta.spencer@gmail.com,m,28
773,Warner,nd1u1kuffvwd2h,edmund.hirthe@yahoo.com,m,51
774,Jordan,1e5ce3wp,ezra.okuneva@hotmail.com,f,54
775,Gus,a6ml9fimvak5,domenic.keebler@gmail.com,m,52
776,Bernie,h9hqurbjllqlzkz,jarred.okon@hotmail.com,f,54
777,Byron,mm3tgcv2lo1mr,davis.schneider@gmail.com,m,42
778,Cyrus,lf709astkr61ia,alexis.schmitt@hotmail.com,m,23
779,Maxwell,gy19uaa695d,shantel.shanahan@gmail.com,f,26
780,Warner,ecb9a41h,codi.ohara@yahoo.com,m,60
781,Virgil,dgb9z1zgoq9,cherry.batz@hotmail.com,m,37
782,Angelic,ak5nh8ee18gu,dulcie.waters@hotmail.com,m,53
783,Keven,oparjkbj,franklin.barrows@gmail.com,m,40
784,Carson,n7cibyqsxpxsko,willard.hayes@hotmail.com,f,32
785,Gino,6emxk5qpjr7l,helaine.bogan@gmail.com,m,28
786,Iris,8szt84wq4zc2f0,dwain.roob@yahoo.com,f,45
787,Rupert,ymo9ctw6,kristal.zieme@hotmail.com,m,37
788,Tama,plcoqh6q6,moses.murazik@yahoo.com,m,36
789,Fernando,ots22m0lod,betsy.dibbert@yahoo.com,m,18
790,Buster,82238gdj9js04b,marsha.gutmann@yahoo.com,m,52
791,Allen,f8wwjjpkdw2rg,francoise.dickinson@yahoo.com,m,24
792,Leeanna,3x0a3rlzonuw,edwin.ebert@yahoo.com,m,37
793,Eddie,289g9rmzafb,ross.roob@hotmail.com,m,53
794,Hunter,e2kbgjqh250r6x,nickolas.king@hotmail.com,f,36
795,Cleo,vup3pi6tfa6pe4,garfield.walsh@gmail.com,f,45
796,Racquel,gtob27vjr52ac8,rosaline.renner@yahoo.com,f,26
797,Tonie,o22g22md3pmexxf,barton.gislason@hotmail.com,f,40
798,Berry,rv56j8c16n,arron.johns@gmail.com,m,58
799,Willis,r62shin164,darnell.davis@hotmail.com,m,19
800,Pete,6opfpn5dql,laurene.williamson@hotmail.com,f,31
801,Benton,rtu17b8j09dp7f1,lizeth.prohaska@hotmail.com,m,18
802,Eun,5ijdjvr2m3q,nickolas.steuber@yahoo.com,f,42
803,Alejandrina,0aok4fg6l7gq3,signe.nikolaus@gmail.com,m,56
804,Verlene,vf6ns68u,bryon.mcdermott@gmail.com,m,29
805,Curt,i3etzm6tla7z329,jarred.leffler@hotmail.com,f,42
806,Sung,w66iygop4t0,ranae.daugherty@yahoo.com,m,20
807,Tristan,xo6vnur54gpl,luigi.mosciski@yahoo.com,m,36
808,Josef,9ks31to97,alvaro.osinski@hotmail.com,f,27
809,Olin,jqnrorhlt134xj3,rebekah.keeling@yahoo.com,f,32
810,Natalya,ladxx0vucgb,desmond.runolfsson@hotmail.com,m,42
811,Grover,jr2731tr3xuh3,giuseppe.gibson@gmail.com,f,52
812,Alan,3fqko7xlxl,solomon.dickens@hotmail.com,m,33
813,Greg,jcwh1zcji49jadn,heidy.heathcote@gmail.com,m,46
814,Mora,5sfg2uqfgst,misti.osinski@hotmail.com,f,27
815,Von,uhob6eb9hw7,forest.kub@yahoo.com,f,31
816,Yuko,vvzbv85jy,angelique.weber@gmail.com,m,45
817,Yvonne,u2x6r12ck4,deb.ankunding@yahoo.com,m,47
818,Jonathan,9x6bti0bwza,brain.smitham@gmail.com,m,32
819,Jude,fpratwf3e0ko4,mohamed.schimmel@yahoo.com,m,30
820,Haywood,dhnzb1wfnw3xl,francesco.hermann@hotmail.com,f,50
821,Glenn,jdrycue80r,renita.luettgen@hotmail.com,m,19
822,Manual,1zsgnbhzmr5ii,karie.moen@yahoo.com,f,53
823,Blake,dpx2dedlmsvn,grover.legros@yahoo.com,f,29
824,Cristina,g45qr1sh2,rufus.rempel@hotmail.com,m,57
825,Tiny,hidapetl7h,stacie.rau@gmail.com,f,22
826,Holli,zfv1ktujuiv,anitra.wisozk@hotmail.com,f,57
827,Frederic,6iz6qzt7,israel.swift@gmail.com,m,53
828,Adan,86vkk77a5yz,whitney.carroll@gmail.com,m,58
829,Foster,dvr8fpx1iqf59,eduardo.dare@hotmail.com,f,59
830,Jaunita,1hd4f7rgydrbpy,melaine.price@yahoo.com,f,52
831,Elbert,meg5yb240r1k,ngan.leffler@hotmail.com,f,37
832,Eldridge,i7pk7oay2dtbsck,patricia.hauck@hotmail.com,f,26
833,Carina,ukf5dywvkohq,amos.towne@hotmail.com,m,45
834,Richard,ja5xsd5pl,reanna.cole@hotmail.com,f,36
835,Chasidy,nqlfgv4xe356uy,maurice.gerlach@gmail.com,m,45
836,Ellena,hmp84jcz69,dario.schiller@gmail.com,f,36
837,Trina,bqiwru6uagkxy,marquetta.bednar@hotmail.com,m,45
838,Clarence,lm8b3rptmyw7,benedict.kihn@hotmail.com,m,55
839,Anitra,a8c8oyulsk,kerry.heller@gmail.com,m,46
840,Thanh,p4ciyoqcgcdo2px,dalene.rippin@hotmail.com,m,38
841,Russell,7rw0jyczq8rh,darron.lakin@hotmail.com,f,38
842,Mafalda,3ceqr4a3tcexrw,aleisha.romaguera@hotmail.com,f,48
843,Annie,glgflparsf11,florentino.balistreri@yahoo.com,m,49
844,Dominga,1p1tmdqpnrj8f5,codi.oreilly@hotmail.com,m,45
845,Hillary,6pjdvr5d9uay,carmen.crist@hotmail.com,m,32
846,Taylor,yzzqlrsbra3v,devin.waters@yahoo.com,f,23
847,Freeman,dq9a287k,meredith.boehm@yahoo.com,m,37
848,Korey,97jns5yztllf,jorge.huels@gmail.com,m,53
849,Teddy,tcid3pagkrni,wally.heathcote@hotmail.com,m,41
850,Carson,nfo96rr1gg,rodger.cronin@hotmail.com,f,46
851,Colby,50wt0pmcgbqg,keira.tillman@gmail.com,m,29
852,Maryrose,mpceviredv1ir,steve.sauer@gmail.com,m,18
853,Andree,t6jv4ko7fumjhf,jammie.dickinson@yahoo.com,f,56
854,Donte,nq24e75wlviepz,sean.herman@hotmail.com,m,34
855,Elma,ofieuwwmwyoo,jutta.kuhn@yahoo.com,m,23
856,Sheron,aj02vgcmvgi,hipolito.stamm@gmail.com,f,46
857,Marilou,qlvdm9j17,armand.bernier@yahoo.com,f,46
858,Colin,mlliw3huo6s8,chung.vonrueden@gmail.com,m,22
859,Dee,mngl4c967h7tv5,lucina.reynolds@gmail.com,m,31
860,Howard,a2cbcspild709a,leigh.towne@hotmail.com,m,55
861,Martin,s7do01pf281,myles.borer@hotmail.com,m,56
862,Jan,yfc776te6ypc4c,eloy.hand@yahoo.com,f,39
863,Whitney,n6einc4kf60oxr,marcell.macgyver@gmail.com,f,39
864,Daphne,7j5n9ttogh,dorsey.durgan@hotmail.com,m,25
865,Ardath,zwgtf422br,timmy.hills@gmail.com,m,58
866,Rebeca,q9eldfilvxc87w,mandie.upton@yahoo.com,f,44
867,Jeanie,me48p7td7k1mjx,carol.murray@gmail.com,f,46
868,Yessenia,szk5sdn9ox8,yung.huels@hotmail.com,f,19
869,Lindsey,f9sitq2iknxw,everett.hammes@gmail.com,m,57
870,Augustus,82umq425zxof,rueben.bradtke@gmail.com,f,56
871,Reatha,1acctc02,arlie.maggio@hotmail.com,m,54
872,Stepanie,wtg5d9g8h2,eunice.nikolaus@gmail.com,m,30
873,Treva,ifx97t8gin,donte.grimes@yahoo.com,m,43
874,Federico,2h1jrtromjd,georgine.okeefe@yahoo.com,m,45
875,Alfred,vdnlul1tpv,boyd.metz@yahoo.com,m,48
876,Shon,c82e7wdp15,grover.pouros@hotmail.com,f,40
877,Wilfredo,hfb73x1j,bart.ledner@hotmail.com,f,51
878,Lynn,ijvjvydkxakj,silas.schimmel@hotmail.com,f,41
879,Cecila,u3l4md85v,petrina.kreiger@hotmail.com,m,21
880,Rich,v939vbxrxafbg,terry.nicolas@yahoo.com,m,52
881,Dreama,zwdija2cf4,norman.kutch@yahoo.com,f,33
882,Roman,svac41r4p068k,milo.jast@gmail.com,m,36
883,Michelina,bw54fzs0wvj,dessie.grimes@hotmail.com,f,34
884,Dalila,n6x31wixh,val.wintheiser@hotmail.com,f,45
885,Enrique,y1yqmcky2,rosette.dare@gmail.com,m,41
886,Leeanne,ue7cta9fu55,tyrell.oconner@yahoo.com,m,37
887,Jaqueline,ktb8ikhsvyt,jane.swaniawski@hotmail.com,m,41
888,Jay,b6inq75cot,devon.feil@gmail.com,f,38
889,Larraine,lk2i1wwt,erich.crist@yahoo.com,m,38
890,Jean,134yak1ctj,elias.rohan@hotmail.com,f,48
891,Elvira,yw6a1ynv,marcos.deckow@hotmail.com,m,28
892,Lamont,2b94nfd04qpf45,francisco.damore@hotmail.com,f,31
893,Dagny,p97i6zbr0jb5qq,sherice.lynch@gmail.com,m,42
894,Teresita,acs6uzdfh5s25n,maynard.morar@yahoo.com,f,49
895,Gustavo,3i03bpkzacx78,lavinia.gerlach@hotmail.com,f,35
896,Von,e8rqfh240g,katie.baumbach@hotmail.com,f,29
897,Marylee,5o0toej3zow5,charley.kirlin@hotmail.com,f,27
898,Yevette,1o7ni63dy5g,emilio.stark@hotmail.com,f,19
899,Owen,07ysqthvr,carley.lehner@gmail.com,m,58
900,Lorenzo,qpnic0rzw,cyrus.collier@yahoo.com,f,39
901,Mack,x0mntxw30le,aurora.dietrich@hotmail.com,m,23
902,Irvin,bkr1dkhjr,jeffery.kunde@gmail.com,m,45
903,Catherina,eojjqhuf2d3be,caroline.auer@hotmail.com,f,26
904,Kurt,fj8qrw2c,chanel.ernser@yahoo.com,f,18
905,Aja,nv4b9ph5q15k,diedre.toy@yahoo.com,f,35
906,Gertrudis,nd2k13tz4zfkm,miguel.weber@yahoo.com,f,47
907,Oswaldo,lchk73g06y8t,lanny.oconner@yahoo.com,f,18
908,Tenesha,wvc7y53b,dannie.towne@hotmail.com,f,32
909,Antonio,bnyckssb19,stephen.rolfson@gmail.com,m,58
910,Santiago,z8cdqdg745h0,stuart.ratke@gmail.com,m,58
911,Nolan,rwutmnvcdz08,leeanne.damore@yahoo.com,f,29
912,Florance,2kyt33l6c8v8,steve.shanahan@yahoo.com,f,48
913,Ryann,weu7m00vmshjipp,miles.trantow@gmail.com,f,30
914,Tyra,3mnk25msw5jluy,mariano.jacobi@hotmail.com,f,58
915,Sylvester,papd4a6f4,luke.kerluke@yahoo.com,m,30
916,Marge,6fwmq9ngr,gilbert.daniel@hotmail.com,m,52
917,Kris,rz5v9xpo2,gina.casper@gmail.com,f,55
918,Elane,xnkee0xv9tc28bj,kattie.fahey@yahoo.com,m,31
919,Thurman,xyqutmxiufdby,frances.oberbrunner@hotmail.com,m,29
920,Bradford,hqji0s6wpq,donte.reilly@hotmail.com,m,53
921,Leo,f1yytt0ywb7687,dawn.hintz@hotmail.com,m,53
922,Gussie,89dkh9o6,nestor.swift@hotmail.com,m,56
923,Brett,15km620tu,calandra.rogahn@gmail.com,f,53
924,Mercedes,bvsc6qcyw28,carlo.conroy@gmail.com,f,40
925,Millard,harq7ckmxuf,alaine.lakin@yahoo.com,f,45
926,Dean,yohumd0ty,hugo.ortiz@hotmail.com,m,46
927,Nicolette,tfmhqg5mvfuv,jade.mraz@hotmail.com,f,57
928,Kaila,weiyg35avvd,margie.mckenzie@hotmail.com,m,59
929,Paul,w36mmp504bq,thomasina.champlin@gmail.com,f,51
930,Charlsie,1v03az4dnjyjjsg,carry.rice@gmail.com,f,41
931,Nannette,aokf4aag97h,romaine.denesik@yahoo.com,m,20
932,Michale,ff89ejm4njuz1,quinton.runolfsdottir@yahoo.com,m,19
933,August,op56ahuh,jeramy.langosh@hotmail.com,m,30
934,Tanna,edobqt66,elliot.mueller@yahoo.com,f,49
935,Stanley,9fas2pffln4,marin.pouros@yahoo.com,f,28
936,Lu,9m1y5o5mapmva4,cyndy.mitchell@gmail.com,f,56
937,Meg,emmbi7sek,howard.pacocha@gmail.com,f,47
938,Sueann,mnrg481aza,hollis.mueller@hotmail.com,f,26
939,Royal,4ji5duwhq5t,ardell.monahan@gmail.com,m,26
940,Wei,u5wwxhkb9l,pinkie.beer@gmail.com,f,46
941,Alexis,mmwcxj35edf6km,ambrose.cartwright@gmail.com,m,49
942,Mike,tl5z6dc4a,marcos.stanton@hotmail.com,m,30
943,Francisca,rhqne360ij4d,timothy.wiza@yahoo.com,m,39
944,Joseph,qdtt8pf4k6gjr,grayce.pfannerstill@hotmail.com,m,43
945,Libbie,xvmssfibd67393,sherrill.cronin@yahoo.com,f,58
946,Jonnie,hoq5nt3ubta,shaina.anderson@yahoo.com,f,39
947,Shila,bex2pdm8oc,dirk.haag@hotmail.com,f,20
948,Dee,fov36qznhm,eugenio.ankunding@yahoo.com,f,48
949,Nelson,woiiap6alo,odell.windler@yahoo.com,m,22
950,Edison,6j6ahr1lvhz5dh,sherise.terry@yahoo.com,f,54
951,Ashlyn,2ettr4dtdr0g00,dion.fisher@gmail.com,f,26
952,Fredric,rrohbgurwd6s9,kristy.stroman@gmail.com,m,26
953,Karisa,lff4wa1kwupce6v,emery.damore@yahoo.com,f,31
954,Bea,60ecpkkpq,cameron.damore@yahoo.com,f,29
955,Maynard,x2o5mgnk3z,verla.windler@hotmail.com,m,50
956,Stanley,kr4hg05o,naoma.bartoletti@gmail.com,m,28
957,Chase,bpk7yhuf1,ilda.fahey@yahoo.com,f,50
958,German,haph22rq313,jacquelin.heller@gmail.com,f,39
959,Rene,hmz274i30jcxfud,hans.oreilly@gmail.com,f,24
960,Juliane,u3dvdypkcv,anderson.kunze@hotmail.com,m,49
961,Paris,iwj18mblh,darren.lind@yahoo.com,f,42
962,Hilario,ftfmlnaortxpph8,renita.hudson@yahoo.com,f,49
963,Kendrick,ci1b3cdx8qag,elizbeth.crist@hotmail.com,m,44
964,Carita,bbt74tc7rw3etb,kathern.ferry@gmail.com,f,52
965,Arnetta,ddfto18v13keo,eufemia.marvin@hotmail.com,f,41
966,Herminia,17agewyi88n1feo,terence.schowalter@yahoo.com,m,41
967,Cecil,eacr9hpfu,voncile.wiza@yahoo.com,f,30
968,Maybelle,k82vibor,glennis.larkin@yahoo.com,m,24
969,Marry,7qt07ncovq,fritz.davis@hotmail.com,f,48
970,Victorina,vfabepq3l8i,celena.ernser@gmail.com,m,49
971,Clifford,s07pu8f4ek,dewitt.dickens@gmail.com,f,35
972,Major,lw3cmzt7hb,merle.abbott@gmail.com,f,44
973,Sidney,xm2f0aos8,carroll.ondricka@gmail.com,m,55
974,Chara,55e9eb58id07,sol.herzog@yahoo.com,m,43
975,Everette,jfda66kk59rl66,chantay.ohara@yahoo.com,f,24
976,Vicente,4q0np6tbgmsp,nu.bartoletti@hotmail.com,f,49
977,Sterling,4sjxnq160vqjq3,jimmy.lemke@gmail.com,m,60
978,Tommy,0p86i14d1v0dd,antoinette.schneider@hotmail.com,f,30
979,Delilah,27us8m7bw,star.lebsack@yahoo.com,m,19
980,Waldo,hx98ht0r,nolan.mohr@yahoo.com,f,27
981,Coy,2srqdh4hvg,avery.harris@yahoo.com,f,33
982,Dorthea,mjwzpanjxaic7,margot.armstrong@hotmail.com,f,44
983,Fermin,ltc6d0tfx9rk,loriann.ward@gmail.com,m,47
984,Viki,3t3agza8a,tran.ankunding@gmail.com,f,60
985,Stefan,3wxahuoo5lehr06,alyson.olson@yahoo.com,m,47
986,Conrad,d4zuls6x08uf,modesto.bayer@gmail.com,m,52
987,Santos,2sk5p04rk7td62,bryant.sauer@yahoo.com,m,37
988,Eboni,y949fkc7ffspzw,donn.doyle@yahoo.com,m,57
989,Louie,0n61jb9k2ovz,hans.mayert@gmail.com,f,32
990,Kris,qsyefe8td,india.jacobi@gmail.com,f,26
991,Darren,0zrza67xz,cecil.sawayn@hotmail.com,m,42
992,Marilyn,pw875r8mobje1,marcellus.morissette@yahoo.com,f,59
993,Ozella,xnx7m56txzt0dvn,shameka.leannon@hotmail.com,m,39
994,Danyel,n8opygpp,otha.sporer@hotmail.com,m,57
995,Dee,5pgeaxlayoy4,anthony.kulas@hotmail.com,f,48
996,Maurine,77j0lpdfjf0jdl,lily.heller@hotmail.com,m,21
997,Hubert,egc37kgz3zfzg,roland.hartmann@yahoo.com,m,52
998,Carol,nqoqo77oar4,vince.rowe@yahoo.com,m,36
999,Lyndia,smqq7apwwl8g0l,donald.von@gmail.com,m,20
1000,Madeleine,7qeyrkalt9vbm,meghan.wuckert@gmail.com,m,30
